{"__symbolic":"module","version":4,"metadata":{"ɵa":{"__symbolic":"new","expression":{"__symbolic":"reference","module":"@angular/core","name":"InjectionToken","line":6,"character":30},"arguments":["configObj"]},"RestangularModule":{"__symbolic":"class","decorators":[{"__symbolic":"call","expression":{"__symbolic":"reference","module":"@angular/core","name":"NgModule","line":8,"character":1},"arguments":[{"imports":[{"__symbolic":"reference","module":"@angular/common/http","name":"HttpClientModule","line":9,"character":12}],"providers":[{"__symbolic":"reference","name":"RestangularHttp"},{"__symbolic":"reference","name":"Restangular"}]}]}],"members":{"__ctor__":[{"__symbolic":"constructor","parameterDecorators":[[{"__symbolic":"call","expression":{"__symbolic":"reference","module":"@angular/core","name":"Optional","line":14,"character":15}},{"__symbolic":"call","expression":{"__symbolic":"reference","module":"@angular/core","name":"SkipSelf","line":14,"character":27}}]],"parameters":[{"__symbolic":"reference","name":"RestangularModule"}]}]},"statics":{"forRoot":{"__symbolic":"function","parameters":["config1","config2"],"value":{"ngModule":{"__symbolic":"reference","name":"RestangularModule"},"providers":[{"provide":{"__symbolic":"reference","name":"ɵa"},"useValue":[{"__symbolic":"reference","name":"config1"},{"__symbolic":"reference","name":"config2"}]},{"provide":{"__symbolic":"reference","name":"ɵb"},"useFactory":{"__symbolic":"reference","name":"ɵc"},"deps":[{"__symbolic":"reference","name":"ɵa"}]}]}}}},"Restangular":{"__symbolic":"class","decorators":[{"__symbolic":"call","expression":{"__symbolic":"reference","module":"@angular/core","name":"Injectable","line":31,"character":1}}],"members":{"__ctor__":[{"__symbolic":"constructor","parameterDecorators":[[{"__symbolic":"call","expression":{"__symbolic":"reference","module":"@angular/core","name":"Optional","line":133,"character":5}},{"__symbolic":"call","expression":{"__symbolic":"reference","module":"@angular/core","name":"Inject","line":133,"character":17},"arguments":[{"__symbolic":"reference","name":"ɵb"}]}],null,null],"parameters":[null,{"__symbolic":"reference","module":"@angular/core","name":"Injector","line":134,"character":22},{"__symbolic":"reference","name":"RestangularHttp"}]}],"setDefaultConfig":[{"__symbolic":"method"}]}},"RestangularHttp":{"__symbolic":"class","decorators":[{"__symbolic":"call","expression":{"__symbolic":"reference","module":"@angular/core","name":"Injectable","line":9,"character":1}}],"members":{"__ctor__":[{"__symbolic":"constructor","parameters":[{"__symbolic":"reference","module":"@angular/common/http","name":"HttpBackend","line":12,"character":27}]}],"createRequest":[{"__symbolic":"method"}],"request":[{"__symbolic":"method"}]}},"ɵb":{"__symbolic":"new","expression":{"__symbolic":"reference","module":"@angular/core","name":"InjectionToken","line":5,"character":31},"arguments":["restangularWithConfig"]},"ɵc":{"__symbolic":"function"}},"origins":{"ɵa":"./lib/ngx-restangular.module","RestangularModule":"./lib/ngx-restangular.module","Restangular":"./lib/ngx-restangular","RestangularHttp":"./lib/ngx-restangular-http","ɵb":"./lib/ngx-restangular.config","ɵc":"./lib/ngx-restangular.config"},"importAs":"ngx-restangular"}