[{"__symbolic":"module","version":4,"metadata":{"JwtModuleOptions":{"__symbolic":"interface"},"JwtModule":{"__symbolic":"class","decorators":[{"__symbolic":"call","expression":{"__symbolic":"reference","module":"@angular/core","name":"NgModule","line":23,"character":1}}],"members":{"__ctor__":[{"__symbolic":"constructor","parameterDecorators":[[{"__symbolic":"call","expression":{"__symbolic":"reference","module":"@angular/core","name":"Optional","line":26,"character":15}},{"__symbolic":"call","expression":{"__symbolic":"reference","module":"@angular/core","name":"SkipSelf","line":26,"character":27}}]],"parameters":[{"__symbolic":"reference","name":"JwtModule"}]}]},"statics":{"forRoot":{"__symbolic":"function","parameters":["options"],"value":{"ngModule":{"__symbolic":"reference","name":"JwtModule"},"providers":[{"provide":{"__symbolic":"reference","module":"@angular/common/http","name":"HTTP_INTERCEPTORS","line":36,"character":19},"useClass":{"__symbolic":"reference","module":"./src/jwt.interceptor","name":"JwtInterceptor","line":37,"character":20},"multi":true},{"__symbolic":"binop","operator":"||","left":{"__symbolic":"select","expression":{"__symbolic":"reference","name":"options"},"member":"jwtOptionsProvider"},"right":{"provide":{"__symbolic":"reference","module":"./src/jwtoptions.token","name":"JWT_OPTIONS","line":42,"character":19},"useValue":{"__symbolic":"select","expression":{"__symbolic":"reference","name":"options"},"member":"config"}}},{"__symbolic":"reference","module":"./src/jwthelper.service","name":"JwtHelperService","line":45,"character":8}]}}}}},"exports":[{"from":"./src/jwt.interceptor"},{"from":"./src/jwthelper.service"},{"from":"./src/jwtoptions.token"}]}]