[{"__symbolic":"module","version":4,"metadata":{"JwtInterceptor":{"__symbolic":"class","decorators":[{"__symbolic":"call","expression":{"__symbolic":"reference","module":"@angular/core","name":"Injectable","line":13,"character":1}}],"members":{"__ctor__":[{"__symbolic":"constructor","parameterDecorators":[[{"__symbolic":"call","expression":{"__symbolic":"reference","module":"@angular/core","name":"Inject","line":24,"character":5},"arguments":[{"__symbolic":"reference","module":"./jwtoptions.token","name":"JWT_OPTIONS","line":24,"character":12}]}],null],"parameters":[{"__symbolic":"reference","name":"any"},{"__symbolic":"reference","module":"./jwthelper.service","name":"JwtHelperService","line":25,"character":22}]}],"isWhitelistedDomain":[{"__symbolic":"method"}],"isBlacklistedRoute":[{"__symbolic":"method"}],"handleInterception":[{"__symbolic":"method"}],"intercept":[{"__symbolic":"method"}]}}}}]