[{"__symbolic":"module","version":4,"metadata":{"JwtHelperService":{"__symbolic":"class","decorators":[{"__symbolic":"call","expression":{"__symbolic":"reference","module":"@angular/core","name":"Injectable","line":5,"character":1}}],"members":{"__ctor__":[{"__symbolic":"constructor","parameterDecorators":[[{"__symbolic":"call","expression":{"__symbolic":"reference","module":"@angular/core","name":"Inject","line":9,"character":15},"arguments":[{"__symbolic":"reference","module":"./jwtoptions.token","name":"JWT_OPTIONS","line":9,"character":22}]}]],"parameters":[{"__symbolic":"reference","name":"any"}]}],"urlBase64Decode":[{"__symbolic":"method"}],"b64decode":[{"__symbolic":"method"}],"b64DecodeUnicode":[{"__symbolic":"method"}],"decodeToken":[{"__symbolic":"method"}],"getTokenExpirationDate":[{"__symbolic":"method"}],"isTokenExpired":[{"__symbolic":"method"}]}}}}]